{
  "src": [
    "audio.ogg",
    "audio.m4a"
  ],
  "sprite": {
    "block_slide": [
      0,
      243.8095238095238
    ],
    "block_slide_reversed": [
      2000,
      243.8095238095239
    ],
    "heal": [
      4000,
      254.30839002267547
    ],
    "heal_reversed": [
      6000,
      254.30839002267547
    ],
    "hurt.0": [
      8000,
      173.5374149659865
    ],
    "hurt.1": [
      10000,
      172.92517006802655
    ],
    "hurt_reversed.0": [
      12000,
      173.5374149659865
    ],
    "hurt_reversed.1": [
      14000,
      172.92517006802655
    ],
    "level_solved": [
      16000,
      285.7142857142847
    ],
    "level_solved_reversed": [
      18000,
      285.7142857142847
    ],
    "walk.0": [
      20000,
      239.13832199546547
    ],
    "walk.1": [
      22000,
      254.3310657596365
    ],
    "walk.10": [
      24000,
      349.7052154195011
    ],
    "walk.11": [
      26000,
      334.64852607709616
    ],
    "walk.12": [
      28000,
      295.35147392290287
    ],
    "walk.13": [
      30000,
      383.7414965986383
    ],
    "walk.14": [
      32000,
      357.2335600907053
    ],
    "walk.15": [
      34000,
      312.35827664399096
    ],
    "walk.16": [
      36000,
      314.33106575963876
    ],
    "walk.17": [
      38000,
      377.64172335600676
    ],
    "walk.2": [
      40000,
      369.99999999999744
    ],
    "walk.3": [
      42000,
      346.4399092970538
    ],
    "walk.4": [
      44000,
      362.1315192743779
    ],
    "walk.5": [
      46000,
      341.836734693878
    ],
    "walk.6": [
      48000,
      354.9433106575961
    ],
    "walk.7": [
      50000,
      368.02721088435675
    ],
    "walk.8": [
      52000,
      327.4149659863923
    ],
    "walk.9": [
      54000,
      327.4149659863923
    ],
    "walk_reversed.0": [
      56000,
      239.13832199546192
    ],
    "walk_reversed.1": [
      58000,
      254.3310657596365
    ],
    "walk_reversed.10": [
      60000,
      349.7052154195046
    ],
    "walk_reversed.11": [
      62000,
      334.64852607709616
    ],
    "walk_reversed.12": [
      64000,
      295.3514739229064
    ],
    "walk_reversed.13": [
      66000,
      383.7414965986454
    ],
    "walk_reversed.14": [
      68000,
      357.2335600907053
    ],
    "walk_reversed.15": [
      70000,
      312.35827664399096
    ],
    "walk_reversed.16": [
      72000,
      314.33106575963166
    ],
    "walk_reversed.17": [
      74000,
      377.64172335600676
    ],
    "walk_reversed.2": [
      76000,
      370.00000000000455
    ],
    "walk_reversed.3": [
      78000,
      346.4399092970467
    ],
    "walk_reversed.4": [
      80000,
      362.1315192743708
    ],
    "walk_reversed.5": [
      82000,
      341.8367346938709
    ],
    "walk_reversed.6": [
      84000,
      354.9433106576032
    ],
    "walk_reversed.7": [
      86000,
      368.02721088434964
    ],
    "walk_reversed.8": [
      88000,
      327.4149659863923
    ],
    "walk_reversed.9": [
      90000,
      327.4149659863923
    ],
    "wall_down": [
      92000,
      355.9863945578172
    ],
    "wall_down_reversed": [
      94000,
      355.9863945578172
    ],
    "wall_up": [
      96000,
      267.32426303854595
    ],
    "wall_up_reversed": [
      98000,
      267.32426303854595
    ]
  }
}